raw_date,net_flows,price,supply,circulating_supply,reserves,liquidity
2021/05/30,128710.0354,183.2919183,374855.1628,284137.5938,4198359.557,11388819.91
2021/05/31,234383.8917,196.8704084,407031.2747,315170.6601,4230655.02,11776834.43
2021/06/01,-76404.099,206.3435522,378249.615,297666.6857,4309442.159,11752156.33
2021/06/02,6606.545441,199.8052882,381335.0138,299209.3851,4549680.254,11804062.91
2021/06/03,-65443.28922,204.398864,383946.8078,300515.2821,4589003.534,11860865.52
2021/06/04,22181.38,197.3439782,384204.8719,300644.3141,4610825.691,11881951.24
2021/06/05,299934.2209,209.1146986,386131.1041,311607.4302,4716339.871,12465102.98
2021/06/06,349930.0659,230.0724978,388111.7026,312597.7295,4833538.371,13143829.85
2021/06/07,246876.5564,238.4048137,389524.9572,313454.9563,4905560.622,13611700.01
2021/06/08,-146787.1085,239.7026732,390928.4906,324241.8442,4995718.229,13395755.69
2021/06/09,-27787.21346,244.6774571,392540.4226,326442.7666,5088699.464,13366754.98
2021/06/10,83551.7568,245.0401967,400924.859,333522.1558,5174423.117,13698013.3
2021/06/11,-611070.2033,232.7747169,407385.086,339478.6263,5281500.528,12663306.7
2021/06/12,57232.28975,207.8227101,414105.7006,345561.435,5358728.802,12793394.47
2021/06/13,215955.6598,202.1146616,423351.7951,352951.3935,5463991.863,13383905.47
2021/06/14,-324363.8859,214.6992721,431234.6473,359943.7537,5545251.968,12879200.14
2021/06/15,1089252.143,217.551343,442760.3222,368657.687,5728827.906,14860150.71
2021/06/16,-329109.532,235.7570179,450486.4435,375989.4979,5786323.491,14335685.46
2021/06/17,298167.7582,243.0128464,458518.1847,382064.3936,5937352.836,15120507.12
2021/06/18,23406.28916,249.3597461,469678.1351,391773.6647,6094319.821,15299361.64
2021/06/19,826955.7177,279.1213163,478149.4543,398125.9835,6283796.179,17011462.5
2021/06/20,438666.9968,312.0826421,487765.7843,406158.2168,6441569.119,18032240.11
2021/06/21,-7558.15288,336.592983,497869.4849,414558.9304,6802991.913,18006160.22
2021/06/22,-1262464.151,266.1704527,504512.1296,420338.2791,6883000.928,15946570.35
2021/06/23,791047.364,270.5876629,515560.5622,429295.1424,7186274.341,17532503.09
2021/06/24,153610.5124,286.4838436,527105.1648,438600.193,7543488.607,18017153.38
2021/06/25,162105.8258,282.2338227,537423.2811,447242.9661,7739862.869,18575150.84
2021/06/26,296181.9118,300.307334,547054.1609,455439.7945,7966370.117,19262430.46
2021/06/27,464344.2877,328.8394686,558818.9702,464759.0936,8394376.188,20382326.44
2021/06/28,-83936.82174,335.0213988,569249.3167,473495.4673,8665807.154,20441188.96
2021/06/29,501491.384,346.8563287,581784.2993,483569.414,9064863.027,21694733.63
2021/06/30,1125289.339,386.3012136,593888.1451,493115.5924,9543590.055,23996246.11
2021/07/01,296833.1948,434.5570633,606213.3148,503806.1331,9816501.646,25173009.77
2021/07/02,617618.6092,450.4258485,618723.9939,513621.65,10316005.94,26781105.73
2021/07/03,141312.0999,473.719044,627927.417,520652.0222,10798243.9,28520821.57
2021/07/04,434923.7143,481.2672085,640460.0188,530971.9688,11364140.54,29809184.35
2021/07/05,-692274.0184,485.6821941,653186.8105,541319.7366,11710888.35,29138054.11
2021/07/06,-1040747.661,437.7124567,663084.1699,550385.1156,11800777.38,27486260.94
2021/07/07,62823.41546,373.0743268,674330.1557,559684.2208,12115971.26,27935143.88
2021/07/08,-489767.278,398.9077464,686762.0604,569880.4954,12484759.53,27514425.75
2021/07/09,552664.0856,384.6779429,700088.7703,580449.0234,12910723.44,29146741.44
2021/07/10,270120.0475,402.9724557,712845.2945,590657.8987,13276956.22,30278863.93
2021/07/11,207752.0889,418.0756249,724734.1935,600467.0505,13670940.27,31087425.66
2021/07/12,3313.696843,420.875207,739139.056,611616.3435,14222820.87,31868432.56
2021/07/13,729983.3032,444.9858861,753907.5368,623234.7301,14823669.5,33909527.95
2021/07/14,716042.4537,476.9506274,768690.1554,635612.813,15361130.61,35973222.31
2021/07/15,-82161.88565,480.0972994,780443.4018,644476.0058,15711370.07,36783787.37
2021/07/16,218890.3964,484.7711842,795775.1369,656626.3522,16184035.71,38399468.01
2021/07/17,1440716.613,537.5936564,812042.5518,669225.8299,16822117.32,42350578.51
2021/07/18,193351.2308,562.226278,826368.9438,680686.932,17302606.33,43801874.64
2021/07/19,-660221.1988,576.4615658,840668.9401,692284.9292,17689932.04,43605163.56
2021/07/20,328785.7416,502.3471189,855724.4817,704656.2649,18170806.37,44913359.62
2021/07/21,525182.399,570.0888878,870863.7025,716862.719,18661759.19,47114648.93
2021/07/22,1239007.52,618.0966897,887391.7929,729743.8006,19411770.62,50789641.9
2021/07/23,229999.9423,628.8629014,902811.2064,742154.112,19987385.06,52416495
2021/07/24,-1292398.592,589.3228564,916647.0744,753846.8185,20232111.76,50792501.65
2021/07/25,-641153.2012,568.6294461,929367.8258,763435.0631,20845307.54,50660719.07
2021/07/26,-420994.4017,522.9436287,943514.8349,775415.0156,21122484.92,50676088.89
2021/07/27,1325032.695,548.1371803,961087.274,789193.2765,21816784.8,54494029.86
2021/07/28,-65133.98602,585.4738085,977312.6172,802394.6108,22333591.87,55588277.18
2021/07/29,-1372116.743,515.0663973,992356.1125,815083.178,22797385.26,53363937.34
2021/07/30,-1235712.322,518.8366133,1011508.722,829923.8061,23498033.45,52447178.95
2021/07/31,-2148504.197,430.2100828,1026870.036,842948.9509,23564178.95,48868368.91
2021/08/01,606624.3265,403.0562754,1048951.484,859446.948,24073015.88,51776973.9
2021/08/02,445252.2192,414.3610623,1066289.885,871820.0221,24786297.91,53840202.38
2021/08/03,545289.4538,430.6454812,1087452.561,888029.4948,25507935.39,56278262.73
2021/08/04,-595543.0824,444.2727006,1106171.764,903140.1953,26095906.76,56193560.24
2021/08/05,797138.1406,435.8932401,1127194.945,919755.3881,26886851.36,59148725.7
2021/08/06,1018538.41,461.7739324,1147756.522,936323.5584,27661129.13,62241767.02
2021/08/07,-303434.721,459.5029194,1167665.893,952376.4149,28271477.02,62922730.12
2021/08/08,-260443.1959,455.8377004,1189271.595,969422.9125,28909532.83,63849357.38
2021/08/09,-1894612.968,429.435005,1207401.055,984793.3415,29189913.07,60901976.56
2021/08/10,197272.8364,409.5795571,1228141.023,1001606.167,29843116.54,62267814.73
2021/08/11,-2468269.982,361.7751951,1245222.838,1016628.952,29981154.1,57908447.85
2021/08/12,1417625.05,366.4341094,1269916.729,1035658.465,30734240.87,61965338.3
2021/08/13,-1737584.319,361.7788546,1286987.568,1050928.8,31075358.92,58667771.29
2021/08/14,-2415996.44,308.9414589,1303146.841,1065801.442,31213844.41,54268769.99
2021/08/15,176447.757,283.8084496,1323782.65,1083056.792,31634191.09,54918679.34
2021/08/16,-621122.7535,281.3318269,1338913.215,1095318.891,31911499.6,54418726.95
2021/08/17,-1743723.413,251.6624448,1358908.306,1112434.362,32144881.93,51236720.97
2021/08/18,1617842.303,243.3014049,1384252.312,1132369.128,32674935.83,55344030.61
2021/08/19,1112419.799,276.6693534,1409372.598,1152312.513,33385011.93,58366782.61
2021/08/20,-560496.4804,285.7360424,1431703.292,1170974.56,33794813.79,57734628.47
2021/08/21,-915176.9007,263.9925003,1454114.299,1189775.917,34112928.42,56743821.83
2021/08/22,892659.3911,262.0718492,1479350.944,1210131.364,34606435.27,59303137.25
2021/08/23,1541048.504,290.1025789,1507463.905,1231993.102,35332004.37,63473322.04
2021/08/24,-162469.0421,318.2305122,1532309.856,1252261.321,35835669.87,63788671.77
2021/08/25,-75790.17338,299.3546994,1556563.929,1272262.073,36299656.52,64542264.56
2021/08/26,1708697.531,318.0929113,1583563.396,1293711.985,36981759.36,69157688.91
2021/08/27,484238.9374,338.5196335,1607050.164,1313438.614,37628579.62,70590769.69
2021/08/28,995088.5987,354.9366684,1630913.266,1333387.233,38102455.31,73675805.67
2021/08/29,-392706.4552,349.1733394,1655654.543,1353766.567,38701324.38,73699628.35
2021/08/30,-882053.7253,348.8237244,1677602.948,1372764.202,39158176.02,72516358.11
2021/08/31,-1385017.156,314.9024423,1699423.155,1391668.382,39446241.95,70533489.49
2021/09/01,33043.92069,310.1368346,1725830.908,1412916.966,40256792.94,71642971.05
2021/09/02,245456.0957,316.9143793,1745476.251,1428123.147,40786299.98,73250853.57
2021/09/03,568431.1083,321.5499794,1771637.657,1449248.969,41394754.18,75319400.6
2021/09/04,-757161.3271,317.2088393,1795288.161,1469129.574,41962687.19,74470455.87
2021/09/05,877107.5248,322.2240175,1822278.07,1490778.022,42723906.32,77107296.77
2021/09/06,1280286.092,336.940696,1850309.781,1513086.355,43494790.51,80809511.08
2021/09/07,-3624.774179,355.2582874,1875077.09,1533914.848,43640073.87,81680202.88
2021/09/08,1256670.792,349.1526459,1906798.454,1560536.097,44494930.19,85670218.84
2021/09/09,1617086.404,377.7455386,1936291.287,1583925.149,45373332.51,90346554.48
2021/09/10,668549.3138,400.1639736,1965507.646,1607288.991,45973020.19,92987884.9
2021/09/11,1465714.84,413.6626101,1993859.63,1630354.906,46949844.54,97331998.18
2021/09/12,1260755.591,437.7772366,2025369.413,1655097.417,48232821.39,101698602.4
2021/09/13,-1278824.426,448.3576051,2050668.399,1676910.066,48700672.52,100012348.9
2021/09/14,1538139.499,440.4094529,2082474.982,1702182.42,49845020.18,105227212.6
2021/09/15,635942.0164,465.6696197,2116779.676,1729588.248,51456452.64,108385759.7
2021/09/16,2524889.392,478.8012913,2148543.397,1755844.095,52384936.53,115033065.9
2021/09/17,1526445.974,516.3352362,2180695.977,1781956.978,53383101.3,119806177.1
2021/09/18,500075.4369,546.8992521,2213505.111,1808962.16,54475191.23,123138788.5
2021/09/19,2228106.757,564.2953651,2246484.269,1833317.593,55909599.44,130924605.3
2021/09/20,-3016154.983,542.7795519,2276836.402,1859798.088,56337094.4,126490255.6
2021/09/21,5962922.922,569.0546629,2313870.655,1889371.085,57304929.52,141914982.9
2021/09/22,-338119.9761,616.8961735,2346049.239,1916421.46,58628071.63,143475075.7
2021/09/23,1483843.228,662.4628643,2381026.454,1944733.14,59945655.59,149454763.6
2021/09/24,-1718091.543,605.3496002,2414654.353,1974069.73,60163086.2,147247416.6
2021/09/25,-1651121.714,627.6180526,2451748.873,2004372.221,61431408.12,146774244.5
2021/09/26,119333.3002,575.5148392,2490896.646,2036836.325,62496311.55,149862245.6
2021/09/27,2448763.483,615.7580416,2531565.95,2068860.34,63806306.05,158470329.1
2021/09/28,1074353.263,647.0054586,2569367.042,2099716.963,65213757.71,164114095
2021/09/29,5209600.56,689.2606313,2611131.411,2132380.326,66954240,178962799.1
2021/09/30,3365555.532,742.0510193,2654965.869,2167451.983,69878615.04,189411144.4
2021/10/01,-1858926.68,757.4914255,2700491.767,2203876.335,71743019.16,191310905
2021/10/02,2114552.288,774.2197211,2733368.926,2228567.466,74372401.23,199225103.2
2021/10/03,5261380.6,810.8291072,2782280.696,2265454.95,78229800.7,215851496.3
2021/10/04,2629363.843,887.8937886,2831245.908,2302515.385,82944929.11,226579599.1
2021/10/05,58707.86877,904.7306883,2878285.785,2340017.252,86324435.94,232244014.2
2021/10/06,-10164864.3,881.7809129,2920665.937,2375744.484,88339101,215792958.5
2021/10/07,5540634.293,815.5863589,2963723.506,2410444.37,90311614.28,232279810.2
2021/10/08,2169072.682,853.5162203,3010917.254,2447952.998,93595107.64,241269660.1
2021/10/09,6861366.343,905.9954853,3063263.062,2488520.071,97654865.02,262159432.3
2021/10/10,5861810.716,977.0016668,3117260.113,2529439.545,101730438.3,282197190
2021/10/11,3117036.093,1095.135923,3169662.825,2569785.699,106219975.8,296808864.7
2021/10/12,5819657.406,1090.978623,3233568.085,2615284.324,110414111.3,329053062.8
2021/10/13,9376487.508,1233.751976,3298090.821,2665337.746,116864369.2,362440130.7
2021/10/14,-8258652.022,1242.118991,3344081.719,2703962.786,120652728.3,348256803.3
2021/10/15,-5703654.654,967.72319,3387653.278,2740748.264,122119900.8,339677024.9
2021/10/16,-14818532.41,1021.754954,3435210.546,2780163.003,124018860.5,310564075.5
2021/10/17,-2471549.335,911.163488,3484040.761,2820432.654,126646302.3,310179092.5
2021/10/18,-856830.2734,793.1100585,3542170.784,2866898.963,128498428.5,315793801
2021/10/19,3119363.691,872.240602,3608122.421,2916529.173,132674373.6,333465520.2
2021/10/20,7792237.707,902.1439758,3682683.456,2970251.404,137982603.2,366888072.5
2021/10/21,-3472901.352,956.0798243,3749519.978,3020371.584,140530716.1,370590903.9
2021/10/22,4359605.866,942.7609811,3809071.187,3062392.718,144634814.2,393663144.1
2021/10/23,8463611.999,1045.085911,3882080.282,3116477.878,152101421.6,427071200.1
2021/10/24,5722658.049,1126.792456,3950391.109,3168498.252,156733694.2,454240219.9
2021/10/25,6759826.614,1193.63323,4015987.576,3220125.88,159594796.2,486715642.3
2021/10/26,-9098878.996,1158.971979,4075281.888,3270633.306,161820192.3,475580992.3
2021/10/27,-1848882.446,1086.86994,4130326.515,3317682.593,163509871.8,479783495
2021/10/28,8115352.075,1158.792966,4191471.463,3368311.308,167753277.3,511896549.7
2021/10/29,-663695.7911,1168.061714,4251222.953,3418498.639,171260959.2,522807826.8
2021/10/30,-5820165.933,1175.646095,4310461.864,3468812.82,173371532.3,515664782.4
2021/10/31,-6281334.366,1103.791764,4363391.305,3516012.738,174357483.6,509251102.8
2021/11/01,2278215.615,1084.519649,4416403.039,3558707.619,178199858.3,528148753.2
2021/11/02,1358553.454,1085.998548,4479093.381,3611696.095,181125275.9,542722789.8
2021/11/03,-5960115.866,1069.122553,4545798.211,3670308.713,183575707.7,545093297.9
2021/11/04,-5965739.893,1028.87568,4612119.671,3727421.255,184926082.8,543234496.2
2021/11/05,-7652715.71,949.1168821,4675394.763,3792632.617,186584299,537276275.1
2021/11/06,-12476296.06,892.18071,4729401.877,3843908.951,187024871.9,514212361.7
2021/11/07,12472101.61,894.3090759,4795471.385,3901525.439,189082751.5,557506716.3
2021/11/08,4622148.894,954.747061,4863664.4,3961134.007,191345435.3,581490128.2
2021/11/09,-2012487.349,959.4086661,4927442.347,4017664.848,192502009.9,586930675.1
2021/11/10,-6679071.46,922.5269624,4979156.315,4062754.133,192776225.2,582024456.9
2021/11/11,-951618.0158,894.5201857,5043319.833,4120353.402,194744175.1,590359470.7
2021/11/12,-2631106.926,896.0268435,5109267.385,4180076.429,196689639.6,592283985.3
2021/11/13,1932923.612,881.1495288,5167602.629,4233821.959,197852198.2,602316395.8
2021/11/14,-767148.423,876.9626107,5229466.301,4290101.304,199256539.4,606486933.9
2021/11/15,-6075261.507,871.0009536,5294117.205,4349758.161,201304019.1,599245658.4
2021/11/16,-9527138.318,792.6868643,5355379.489,4407849.408,200886047.3,575724287
2021/11/17,785174.6008,729.5470131,5420670.17,4468467.954,202698000.6,585588262.8
2021/11/18,-7022202.971,762.3794486,5477575.534,4525038.143,202695639.5,566612070
2021/11/19,5701579.482,740.8571531,5522417.952,4568587.6,206357612.5,590203355.2
2021/11/20,6189856.912,787.1167009,5581109.227,4626964.282,209978548.6,610908117.8
2021/11/21,5670245.993,827.7861441,5644007.072,4688230.951,211992230.6,626828107.7
2021/11/22,6357828.022,900.6420265,5707977.998,4750777.335,215129153.2,640719695.7
2021/11/23,2464077.631,861.1294738,5770457.087,4818928.968,220791047.9,657111710.2
2021/11/24,-9099663.52,851.5982416,5828728.888,4876495.523,222944660.1,637693391.1
2021/11/25,-4308893.183,835.245067,5890888.728,4937501.193,227916805.5,641446087.9
2021/11/26,-10472012.57,773.6073759,5934719.809,4981228.38,223975194.2,606792913.4
2021/11/27,-1022918.92,726.0351806,5996772.33,5042175.314,227044429,608789283.7
2021/11/28,-2785251.643,724.1504024,6061337.953,5105221.593,231897172.3,612957965.4
2021/11/29,13332323.74,772.5222332,6126112.72,5169769.261,236834684.2,651678147.2
2021/11/30,195961.1999,819.0732432,6191990.423,5234627.585,241992559.1,662999070.6
2021/12/01,-8654279.506,809.4433615,6257197.583,5298680.104,242442132.7,644170254
2021/12/02,-10161694.95,735.6311961,6326494.444,5369643.116,244305619.6,623771722.5
2021/12/03,-15946340.15,669.1097652,6377507.076,5417822.805,242508669.9,579724896
2021/12/04,-6792562.872,562.882646,6442967.154,5482579.614,242154386.1,562800449.5
2021/12/05,-1727767.907,610.6179042,6512705.919,5550556.981,247618959.3,565173381.4
2021/12/06,-2257518.217,546.6293601,6582877.818,5618092.594,252349999.1,569105349.6
2021/12/07,-7865755.227,542.7247315,6653710.909,5686393.929,255960539.8,551031004
2021/12/08,-5702162.237,509.2519143,6723317.282,5781610.747,261659775,544955343.5
2021/12/09,-2041043.603,492.5289396,6777465.614,5836299.219,259012843.1,532992215.9
2021/12/10,-4293887.036,515.1145007,6851848.766,5908160.131,257723907.8,517634568.1
2021/12/11,-5842191.942,457.2292591,6896938.782,5952282.85,259294197.9,511158750.7
2021/12/12,4898770.793,446.1806377,6896938.782,5992282.85,263475142,524252075
2021/12/13,-4418322.337,464.2760752,6896938.782,6117673.85,256706432,503628971.4
2021/12/14,-9170558.832,414.0361703,6896938.782,6139084.35,256354797.3,482962557.7
2021/12/15,-3497947.167,393.2561601,6379483.174,5617009.896,260801717.8,482072579.9
2021/12/16,-1163939.77,402.010553,6436589.616,5674116.338,262354475.7,480794990.2
2021/12/17,-16078667.15,373.8623247,6529375.139,5767201.86,263135293.9,443750712.6
2021/12/18,2998635.988,312.5476699,6968283.868,6206110.59,263725039.3,443150774.1
2021/12/19,15462264.6,371.8155531,7032267.218,6269290.834,263161738.5,477991426.4
2021/12/20,9265916.798,407.3902922,7103538.221,6336418.124,263823677.6,498546299.4
2021/12/21,5111534.848,449.2434396,7174842.703,6403883.994,271380023.7,512594762.6
2021/12/22,-6676389.867,445.6241631,7244463.615,6470820.802,273762504.9,495823363.3
2021/12/23,514831.172,428.7236208,7320342.095,6540996.214,282539585,501330706.8
2021/12/24,-3903804.3,426.659203,7394313.81,6610765.182,280092900.8,490256756.4
2021/12/25,-4502698.441,404.3453237,7468992.036,6681217.391,283582867,483178655.7
2021/12/26,-4418797.178,385.3547594,7543911.871,6752122.334,283568363.9,471715703.3
2021/12/27,-1637207.667,376.4581921,7620914.828,6824407.483,291547316,468717186.9
2021/12/28,-5301153.399,363.2273779,7696390.302,6896272.816,285547668.4,448380324.3
2021/12/29,-4204906.699,347.695232,7775821.547,6970461.744,286493025.8,434847214
2021/12/30,-5013205.731,325.2910941,7853448.414,7052091.35,287044227.3,426582053.6
2021/12/31,-4840333.265,309.3734079,7931303.317,7126183.193,294668548.6,415155439.1
2022/01/01,-1203123.388,298.5162654,8011539.002,7201819.474,296788202.3,413912544.1
2022/01/02,823993.8069,297.3012232,8094925.676,7279396.136,296995546.2,418156450.1
2022/01/03,6854719.507,325.7640061,8180637.647,7358483.28,296598578.8,430529780.4
2022/01/04,744680.602,322.1239948,8265993.797,7437586.508,301081302.6,434652571.3
2022/01/05,-676302.4059,329.7767325,8349211.546,7515469.029,293415090.3,424903672.9
2022/01/06,-1810689.848,305.4236631,8429843.382,7592033.716,293190441.8,418204228.3
2022/01/07,-11429727.47,279.9182443,8506525.812,7666685.763,287265819.7,385129262
2022/01/08,-1247330.753,271.7046646,8590535.688,7744872.332,287061746.7,380616196.3
2022/01/09,-210979.7975,262.2704737,8676939.416,7825427.63,290228998.8,380332515.3
2022/01/10,-20420339.59,228.994181,8753305.687,7900027.892,286394204.4,331241701.3
2022/01/11,-773751.2945,187.7334333,8834002.571,7977253.734,290958033.2,333773538.4
2022/01/12,4113861.896,199.241864,8929498.232,8065097.811,301126274.9,345852677
2022/01/13,2000275.701,217.9469613,9015618.109,8145152.642,299351244.3,346089544.2
2022/01/14,-2187333.25,209.8174507,9100325.691,8223925.961,302257554.4,344386807.5
2022/01/15,-4050130.212,202.0927911,9185141.001,8303508.773,303022107.8,336524928.5
2022/01/16,-14172003.66,180.928437,9262208.736,8378298.665,300246512.8,306038629.8
2022/01/17,-15724050.86,126.461474,9342432.943,8457590.205,296936357.1,261540116.6
2022/01/18,-3685173.976,112.8614551,9436330.501,8548287.875,296208045.5,253875143
2022/01/19,-300597.439,111.5499429,9537779.206,8644232.838,297398226.9,252818374.3
2022/01/20,-2018097.434,111.2609952,9639456.494,8739291.558,295996737.9,247640874
2022/01/21,-11439907.23,94.01572094,9722751.215,8821662.965,281744891,215168803.9
2022/01/22,-8324315.699,72.4792534,9794030.501,8892506.861,276726095.2,194243895.9
2022/01/23,485454.5401,67.91773916,9882834.985,8974554.88,281662741.5,197393555.2
2022/01/24,1008138.234,65.55939637,9966934.636,9051157.342,278375798.8,197203872
2022/01/25,1188900.005,69.22000687,10057545.97,9138559.245,280365967.5,200007180.1
2022/01/26,-1950942.426,68.17418304,10135701.5,9216714.773,280090108.3,195476427.7
2022/01/27,-2366946.18,65.48456076,10209192.08,9295623.352,276761639.1,189873837.2
2022/01/28,-1163190.291,62.64134576,10288019.95,9374451.213,281430402.5,189781038.3
2022/01/29,294482.9245,62.98980284,10362070.39,9448501.658,285555238.2,190679163.7
2022/01/30,-1029777.845,63.11269194,10432468.39,9518899.66,285317938.5,188752551.5
2022/01/31,-670245.0658,60.64518736,10499624.76,9586056.029,287371490.1,188234072.3
2022/02/01,3305185.028,64.38423119,10559483.64,9645914.909,289705134.2,196463677.4
2022/02/02,-1886709.389,65.24281188,10647058.67,9733489.937,288289614.5,190931187.5
2022/02/03,-648617.1458,62.72536488,10745038.9,9831470.169,275796263.6,189358003.9
2022/02/04,2159209.839,64.27138647,10867090.83,9953522.102,283446052,198556375.9
2022/02/05,1875340.445,68.49765015,10982553.83,10068985.1,286732920.2,202660030.9
2022/02/06,-2008653.952,67.98771499,11076508.77,10185440.04,286502439.6,198702808.6
2022/02/07,385510.9399,68.05456195,11188952.14,10297883.41,291135987.4,201060464.7
2022/02/08,517131.0263,68.16956845,11263000.89,10371722.52,291115722.1,201455202.3
2022/02/09,5568913.463,71.79233881,11367851.53,10476573.16,295594309.3,215501443.8
2022/02/10,754314.0854,77.79490944,11442935.19,10551656.83,291120332.2,214560330
2022/02/11,-1734359.405,75.99035663,11509606.51,10618328.14,287817641.5,207929964.6
2022/02/12,-1073093.123,71.98801571,11564494.76,10673216.4,289709363.9,205534388.6
2022/02/13,-1961717.487,70.61270084,11629408.71,10738130.34,288689144.9,201135148.7
2022/02/14,-227953.1095,68.14211184,11688211.64,10796933.27,289878237.7,201802443
2022/02/15,1995902.952,71.17354215,11780643.08,10889364.71,295863914.7,210752098.4
2022/02/16,-2467218.084,71.17151142,11849704.94,10958426.57,309539851,204065086.9
2022/02/17,-1738550.756,67.43633847,11906211.11,11014932.74,303828807.4,196566722.5
2022/02/18,-660367.9122,64.87078671,11962986.58,11071708.22,302303359.8,193156347.1
2022/02/19,-4099316.95,60.78532321,12020054.6,11128776.23,300617181.1,183952803.8
2022/02/20,-1191632.297,56.50345157,12077372.95,11186094.58,297493532.6,179834604.5
2022/02/21,-604337.2747,57.02992835,12134989.71,11243711.34,295264741.9,177594933.9
2022/02/22,-719438.2929,53.59863208,12206453.18,11315174.82,294924476.9,177187424.4
2022/02/23,-2040188.1,53.77184968,12286584.64,11395577.93,294445081,172319845.4
2022/02/24,-4032852.988,46.8480811,12350403.07,11459396.35,292782560.2,164915399.5
2022/02/25,-1645914.368,46.49552816,12431893.34,11531172.43,297265990.8,154236626.5
2022/02/26,-691299.8725,45.40446791,12524643.65,11623922.74,297792114,153381057.7
2022/02/27,-1218181.123,43.99842395,12604075.87,11703354.96,293939816.3,149424221.3
2022/02/28,-2346060.54,41.27578273,12676269.74,11775548.83,301948870.1,144102682.8
2022/03/01,-37665.14197,41.46399031,12768067.81,11867346.9,303099178.3,145049289.8
2022/03/02,-309010.1882,41.15571922,12855755.19,11955034.28,305433172,144501306.2
2022/03/03,-2172926.025,39.84576988,12945672.49,12045398.47,303220726.3,138880300.9
2022/03/04,-2089102.122,36.63526863,13020370.34,12120096.32,298458898.1,132214537.2
2022/03/05,-999238.8111,34.82538655,13117858.16,12290806.33,300042480.9,130860404.7
2022/03/06,-2136622.791,33.19338408,13202271.47,12375219.64,297736773.6,125663589.8
2022/03/07,-1168169.179,31.205655,13287185.64,12460133.81,296302919,122661397.6
2022/03/08,-28527.31221,30.7877224,13425237.25,12598185.42,297361192.7,123802828.3
2022/03/09,1424654.427,31.68872717,13524272.77,12697220.94,300671287.2,127987559.7
2022/03/10,-1397739.967,31.41819323,13649989.73,12822937.9,298668305.6,124237207.5
2022/03/11,-697254.1725,30.25983678,13730490.22,12903438.39,298323520.7,122549856.5
2022/03/12,-370221.9892,29.97436471,13812996.8,12985944.97,298860324,122058045.8
2022/03/13,-836435.8754,29.37733092,13915196.43,13093931.6,297860615.4,119873842.5
2022/03/14,-297405.5093,28.48215368,14600331.96,13779067.13,300818607.3,137127478.1
2022/03/15,-515238.72,28.13230388,14686064.5,13864799.67,302387514.5,136295899.7
2022/03/16,-282138.8239,27.97742866,14769577.53,13948312.7,304945026.3,137573866
2022/03/17,-339406.8531,27.61620041,14868284.79,14047019.96,305795864.4,136852083.2
2022/03/18,174928.3034,27.83756621,14939185.1,14117920.27,308410747.1,138754963.5
2022/03/19,733037.1357,28.529502,15026759.04,14205494.21,308004420.5,141106937.7
2022/03/20,52544.59581,29.07948526,15140643.36,14319378.53,306810618,140465092.5
2022/03/21,330036.2525,29.23159149,15248591.18,14427326.35,308455793.7,142209121
2022/03/22,206542.2564,30.16239049,15366378.28,14545113.45,312270331,144045936.8
2022/03/23,1504197.244,30.22645479,15472614.62,14651349.8,312712345.4,149509528.9
2022/03/24,4172901.242,33.64719623,15609643.45,14788378.62,315724710.5,162609259.1
2022/03/25,1193930.658,38.21747026,15709341.78,14888076.95,316722676.8,166540854.8
2022/03/26,639071.0141,38.38051587,15818043.98,14996779.15,321271032.5,169541300.1
2022/03/27,682244.9102,39.90379377,15929769.01,15108504.19,301641724.7,173703035.4
2022/03/28,-3106893.387,37.90506246,16029431.54,15208166.71,302814691.6,166331646.9
2022/03/29,-448015.694,37.1852249,16129367.13,15308102.3,302848116.3,165874143.4
2022/03/30,-2568355.873,35.34145197,16224196.05,15402931.22,303333685.2,159041338.3
2022/03/31,493280.37,34.1453581,16302293.57,15481554.95,281365984.8,159085306.9
2022/04/01,652065.8606,34.31662804,16406451.48,15585712.86,284939436.7,163535295.4
2022/04/02,608839.0424,35.95979894,16509548.52,15688809.9,290935374.5,165869642.8
2022/04/03,-544070.446,35.69219479,16623024.16,15802285.54,295964477.8,165792117.4
2022/04/04,-2218830.217,33.77835512,16727628.48,15906889.86,293907206.2,159969896.7
2022/04/05,65559.96959,33.15783144,16838637.83,16017899.21,291957372.3,159468329.4
2022/04/06,-1505072.758,31.64908682,16941600.82,16120862.2,274407770.3,152891623.1
2022/04/07,-457838.8625,30.2887152,17044445.39,16223706.77,276025857.2,152316105.5
2022/04/08,-915440.9635,29.81519644,17150685.09,16329946.47,274840692.1,149573814.5
2022/04/09,3938375.447,30.09517902,17274900.13,16454161.51,275817832.2,162274184.2
2022/04/10,-842704.3072,34.89769871,17387614.48,16566875.86,275654724.6,159811543.9
2022/04/11,-1577712.97,30.6919058,17507828.74,16687090.12,267612851.3,153069040.1
2022/04/12,-345688.2157,29.91617436,17627569.36,16806830.74,267494494.7,152768502.8
2022/04/13,-1061667.474,29.17179556,17726915.88,16936696.26,245084356.3,151201082.5
2022/04/14,-1014173.302,28.64140838,17812137.43,17021917.81,243317958.9,147269546.9
2022/04/15,-644903.6573,27.22363968,17920496.85,17130277.23,243266076.8,145887980.1
2022/04/16,-507114.6958,26.65777503,18040883.91,17250664.29,243783993.3,145181383.2
2022/04/17,-24332460.91,26.11814116,18157080.16,17366860.54,243550973.6,142011178.3
2022/04/18,-977449.4748,24.4060708,18272533.89,17482314.27,244874735.3,140126194.5
2022/04/19,-239947.3321,24.18489895,18400337.65,17610118.03,245900869.2,140194535.2
2022/04/20,5052719.255,24.9105094,18532728.12,17719555.15,246599513.9,154621474.2
2022/04/21,-1892251.276,28.05856481,18635552.22,17812215.42,244509131.7,139027287.6
2022/04/22,523542.6862,27.94238226,18747040.16,17923703.36,243902365.4,140549429.8
2022/04/23,-776662.5439,27.40067313,18867249.04,18043912.23,243768258.3,138516488
2022/04/24,-795058.4162,26.37526783,18990610.77,18168704.58,243169589.3,136507533.5
2022/04/25,1258267.132,26.076284,19134192.22,18371186.02,243966851.5,141549673.7
2022/04/26,1208039.789,28.53254646,19139897.57,18376891.38,244227178.7,145161408.6